1,Betsey,O'Crigane,Female,Architect
2,Mirabel,Birchett,Female,Construction Worker
3,Tommy,de Zamora,Bigender,Construction Foreman
4,Joycelin,Pedracci,Female,Estimator
5,Stacia,Rantoull,Female,Architect
6,Feodor,Dwelley,Male,Electrician
7,Lacey,Vautre,Female,Surveyor
8,Jasper,Ayerst,Male,Estimator
9,Berkie,Pilgram,Male,Construction Worker
10,Thomas,Forri,Male,Project Manager
11,Vera,Carnelley,Female,Engineer
12,Gayelord,Leith-Harvey,Male,Construction Worker
13,Mariellen,Rickard,Female,Construction Worker
14,Pearla,Waith,Female,Construction Foreman
15,Papageno,Sketchley,Male,Electrician
16,Jeffrey,Vasiliu,Male,Electrician
17,Emelina,Tiron,Female,Estimator
18,Amble,Uden,Male,Surveyor
19,Nappie,Folshom,Male,Estimator
20,Raynor,Miall,Male,Surveyor
21,Sheelah,MacDougall,Female,Supervisor
22,Patty,Vennart,Female,Electrician
23,Jose,Monahan,Male,Construction Foreman
24,Annabella,Bletcher,Female,Electrician
25,Judy,Featherstonehaugh,Female,Construction Expeditor
26,Jerome,Nitto,Male,Architect
27,Gearalt,Kenny,Male,Construction Manager
28,Ilysa,Vasyanin,Female,Subcontractor
29,Kienan,Goodship,Male,Architect
30,Crystal,Mulvany,Female,Construction Foreman
31,Kelli,Dadge,Female,Architect
32,Field,Besse,Male,Electrician
33,Brittan,Chadburn,Female,Subcontractor
34,Zahara,Kemmett,Female,Project Manager
35,Arleen,Collison,Bigender,Electrician
36,Marysa,Salla,Female,Architect
37,Clara,Deport,Female,Construction Foreman
38,Lissa,Loan,Female,Construction Manager
39,Karlene,Galley,Female,Architect
40,Vivyan,Oslar,Female,Architect
41,Baxter,Monks,Male,Subcontractor
42,Ynes,Woan,Female,Electrician
43,Andie,Linnit,Female,Engineer
44,Shelbi,Biglin,Female,Surveyor
45,Nichols,Parkey,Male,Architect
46,Jeanelle,Snowsill,Female,Construction Expeditor
47,Greggory,Jagg,Male,Construction Manager
48,Germaine,Callway,Male,Subcontractor
49,Gwendolin,Scamerden,Female,Construction Worker
50,Charin,Dearman,Female,Engineer
51,Anderea,Morilla,Female,Engineer
52,Jacquelynn,Whyte,Female,Architect
53,Torry,Abramowitch,Male,Subcontractor
54,Karin,Pittle,Female,Project Manager
55,Porty,Crimp,Male,Construction Manager
56,Jeannette,Whatford,Female,Supervisor
57,Corrianne,Apfler,Female,Construction Worker
58,Brena,Davidzon,Female,Estimator
59,Fredericka,Jevon,Female,Supervisor
60,Merv,Seson,Male,Construction Manager
61,Dene,Vigers,Male,Construction Manager
62,Babs,Mewton,Female,Subcontractor
63,Alfreda,Stacy,Non-binary,Architect
64,Alic,Potbury,Male,Project Manager
65,Trstram,Methingam,Male,Estimator
66,Katherina,Zettoi,Female,Electrician
67,Wells,Leroy,Male,Architect
68,Lona,Moncur,Female,Estimator
69,Nadean,Duckham,Female,Supervisor
70,Laurette,Pratley,Female,Engineer
71,Homere,Greder,Male,Subcontractor
72,Gerardo,Garaway,Male,Construction Manager
73,Banky,Deeble,Male,Engineer
74,Drona,Vernazza,Female,Project Manager
75,Ronni,Arrol,Female,Electrician
76,Fredric,Neeve,Male,Construction Worker
77,Trev,Dodle,Male,Project Manager
78,Justinn,Cornels,Female,Construction Foreman
79,Weylin,Rymill,Genderqueer,Supervisor
80,Finlay,Miguet,Male,Construction Foreman
81,Clement,Burne,Male,Construction Expeditor
82,Charisse,Ellery,Female,Electrician
83,Reidar,Huard,Male,Engineer
84,Webster,Spata,Male,Estimator
85,Billye,Hollyard,Female,Engineer
86,Wynn,McMinn,Male,Construction Expeditor
87,Petronille,Caveau,Female,Project Manager
88,Rachael,Byforth,Female,Construction Worker
89,Tanya,Northley,Agender,Construction Foreman
90,Randolf,Furmston,Male,Estimator
91,Trevar,MacCafferky,Male,Construction Worker
92,Uri,Mulkerrins,Male,Architect
93,Ginger,Pleaden,Male,Construction Expeditor
94,Rolf,Kyteley,Male,Construction Foreman
95,Aprilette,Brandli,Female,Construction Worker
96,Brooke,Gladwish,Polygender,Surveyor
97,Tynan,Heister,Male,Construction Manager
98,Neda,Lorne,Female,Construction Manager
99,Gustie,Lay,Female,Architect
100,Orsola,Sucre,Genderfluid,Estimator
101,Frasier,Bockh,Male,Electrician
102,Brigham,Ruane,Male,Subcontractor
103,Alberto,Reeve,Male,Supervisor
104,Ronny,Colyer,Female,Subcontractor
105,Vincent,Snell,Male,Surveyor
106,Osbourne,Martel,Male,Subcontractor
107,Billy,Fewings,Female,Construction Expeditor
108,Adrian,Damrel,Male,Supervisor
109,Tiffany,Goroni,Female,Engineer
110,Rickert,O'Kennavain,Male,Construction Manager
111,Valera,Blumer,Female,Estimator
112,Mellisa,Scare,Female,Subcontractor
113,Aldric,Albrook,Male,Engineer
114,Lexine,Tatford,Polygender,Construction Foreman
115,Carny,Turrill,Male,Architect
116,Aubine,Graybeal,Female,Project Manager
117,Jayme,Skin,Male,Construction Manager
118,Crista,Worlock,Female,Architect
119,Elsy,Menear,Non-binary,Project Manager
120,Rowe,Olensby,Female,Construction Worker
121,Broderic,Aplin,Male,Architect
122,Lars,Fendt,Male,Estimator
123,Jilleen,Helmke,Female,Construction Manager
124,Octavius,Feldbaum,Male,Construction Foreman
125,Pauline,Oddboy,Female,Construction Manager
126,Galvin,Abethell,Male,Construction Foreman
127,Celinka,Burnie,Female,Subcontractor
128,Harmonie,Silverstone,Female,Surveyor
129,Morgana,MacCorkell,Female,Project Manager
130,Marquita,Toxell,Female,Engineer
131,Callean,Cheasman,Male,Architect
132,Beau,Grieves,Male,Construction Worker
133,Dag,Largen,Male,Electrician
134,Mabel,Gerhts,Agender,Electrician
135,Thomas,Kettridge,Genderqueer,Construction Foreman
136,Ruth,Faithfull,Non-binary,Construction Worker
137,Roxanne,McClaurie,Female,Supervisor
138,Arabelle,Grimster,Female,Construction Expeditor
139,Van,Jocic,Male,Construction Expeditor
140,Linoel,Peirazzi,Male,Engineer
141,Madlen,Necrews,Female,Construction Worker
142,Rudiger,Tregiddo,Male,Architect
143,Husain,Hume,Male,Electrician
144,Sig,Trimmell,Male,Surveyor
145,Tybie,Hartus,Female,Project Manager
146,Adorne,Strase,Female,Supervisor
147,Silvia,Beatens,Female,Architect
148,Yardley,Wellesley,Male,Estimator
149,Prudy,Ballance,Female,Subcontractor
150,Evelyn,Alyukin,Male,Electrician
151,Roselle,Audley,Female,Construction Expeditor
152,Kristos,Petrakov,Male,Electrician
153,Culver,Beeho,Male,Architect
154,Camala,Chadwyck,Female,Surveyor
155,Myrah,Halls,Female,Surveyor
156,Matteo,Merrigan,Male,Subcontractor
157,Mareah,Kaysor,Female,Subcontractor
158,Lane,Meiklam,Male,Construction Expeditor
159,Conroy,Ladell,Male,Construction Worker
160,Reinald,McGoon,Male,Construction Worker
161,Vittorio,Ville,Male,Supervisor
162,Remus,Capenor,Male,Construction Expeditor
163,Delphine,Smythin,Female,Subcontractor
164,Kendall,Teall,Male,Architect
165,Johnath,Tournie,Polygender,Engineer
166,Cacilia,Bernardotte,Female,Construction Expeditor
167,Erna,Loader,Female,Estimator
168,Ed,Hartzog,Male,Surveyor
169,Sigismundo,Edgler,Male,Construction Expeditor
170,Cicely,Clowney,Female,Architect
171,Tad,McKintosh,Male,Subcontractor
172,Winna,McGarrity,Female,Project Manager
173,Kerry,Gendricke,Agender,Construction Expeditor
174,Cissy,McDougle,Female,Project Manager
175,Woodman,Vanetti,Male,Estimator
176,Erma,MacNeill,Female,Electrician
177,Josi,Witten,Female,Supervisor
178,Asa,Getch,Male,Subcontractor
179,Bruce,Brierley,Male,Construction Worker
180,Janos,Werrilow,Male,Project Manager
181,Jo ann,Van Arsdalen,Female,Project Manager
182,Harriet,Craddy,Female,Construction Manager
183,Shandeigh,Reilly,Female,Construction Expeditor
184,Prentiss,Bagnold,Male,Construction Manager
185,Gaby,Dubble,Female,Estimator
186,Bartholomew,Yearron,Male,Engineer
187,Vere,Brundale,Female,Surveyor
188,Bobette,Yitshak,Female,Construction Expeditor
189,Sampson,Peggs,Male,Supervisor
190,Edeline,Esland,Female,Construction Manager
191,Gennifer,Schirok,Genderfluid,Subcontractor
192,Ebeneser,Eilhart,Polygender,Construction Manager
193,Crosby,Napthine,Male,Supervisor
194,Bartie,Fulger,Male,Electrician
195,Hewie,Gozard,Male,Construction Expeditor
196,Nolana,Torbett,Genderqueer,Subcontractor
197,Sergio,Patrick,Male,Project Manager
198,Justen,Georgeson,Male,Surveyor
199,Hale,Dering,Male,Construction Worker
200,Henka,Rabson,Female,Supervisor
201,Bartholomeo,Grinikhinov,Male,Construction Manager
202,Darice,Pickles,Female,Project Manager
203,Claire,Feldbau,Male,Electrician
204,Sherm,Oganian,Male,Construction Manager
205,Gabbey,Krysiak,Female,Supervisor
206,Gayel,Artiss,Female,Project Manager
207,Merlina,Bunker,Female,Construction Manager
208,Viv,Olivie,Female,Estimator
209,Wallis,Abberley,Female,Subcontractor
210,Kelby,Di Nisco,Male,Construction Manager
211,Jerrylee,Vitall,Female,Architect
212,Bennie,Brunone,Female,Construction Foreman
213,Koralle,Pollastrone,Female,Electrician
214,Michail,Sparks,Male,Supervisor
215,Gibby,Nouch,Genderqueer,Estimator
216,Marji,Skpsey,Female,Construction Worker
217,Chas,Smidmore,Male,Electrician
218,Consolata,Jirusek,Female,Construction Manager
219,Rex,Yokley,Male,Electrician
220,Onfroi,Laffin,Male,Supervisor
221,Arnuad,Mahood,Male,Construction Foreman
222,Andrea,Trillow,Female,Supervisor
223,Kordula,Threadgold,Female,Subcontractor
224,Bealle,Gomar,Male,Construction Foreman
225,Barbra,Oneal,Female,Architect
226,Hewe,Hardisty,Male,Construction Manager
227,Estevan,Vidler,Male,Estimator
228,Roby,Ogles,Female,Subcontractor
229,Kristy,Handke,Female,Estimator
230,Gill,Cousins,Female,Subcontractor
231,Linn,Dickin,Female,Construction Worker
232,Maryanne,Diffley,Female,Construction Expeditor
233,Bogey,Goldsberry,Genderqueer,Electrician
234,Sid,Gostage,Male,Construction Expeditor
235,Teodor,Kester,Male,Construction Expeditor
236,Rosaleen,Yarnton,Female,Project Manager
237,Lynnette,Scarbarrow,Female,Supervisor
238,Byrann,Coronas,Male,Architect
239,Mellie,Masson,Female,Engineer
240,Rafi,Wippermann,Bigender,Architect
241,Elnar,Vasiltsov,Male,Subcontractor
242,Becca,Sandys,Female,Engineer
243,Hadrian,Shepherd,Male,Construction Worker
244,Consuelo,Carlos,Female,Construction Expeditor
245,Mitch,Blue,Male,Construction Worker
246,Alicea,Letson,Female,Subcontractor
247,Yasmeen,Nansom,Female,Construction Manager
248,Betsy,Bergeon,Female,Surveyor
249,Winni,Valencia,Female,Estimator
250,Dorisa,Keyzman,Genderqueer,Engineer
251,Kassi,de Leon,Female,Construction Manager
252,Flore,Besson,Female,Construction Expeditor
253,Mahalia,Speere,Female,Supervisor
254,Dasya,Penke,Bigender,Architect
255,Chase,Dandy,Male,Construction Manager
256,Alejoa,McArdell,Male,Architect
257,Winslow,Salaman,Male,Architect
258,Lauralee,Woofinden,Female,Construction Foreman
259,Suzy,Izakson,Female,Supervisor
260,Vina,Odom,Female,Project Manager
261,Ad,Dearan,Male,Subcontractor
262,Dagmar,Crangle,Female,Engineer
263,Teddie,Addlestone,Male,Surveyor
264,Arlette,Tewes,Female,Construction Manager
265,Nolly,McLarnon,Male,Architect
266,Lyndy,Adamczewski,Female,Subcontractor
267,Pepito,Sexcey,Male,Project Manager
268,Thalia,Bruce,Female,Subcontractor
269,Zollie,Denizet,Male,Electrician
270,Tabor,Beldom,Male,Subcontractor
271,Eustacia,Buckler,Female,Construction Foreman
272,Dorisa,Cuxon,Female,Estimator
273,Mariann,Longega,Female,Construction Expeditor
274,Blane,Febvre,Male,Engineer
275,Kristi,Cockling,Female,Construction Worker
276,Arabel,McKimm,Female,Construction Expeditor
277,Anetta,Forri,Female,Architect
278,Selina,Fearnyhough,Female,Architect
279,Mick,Seckom,Male,Construction Worker
280,Swen,Wellen,Male,Construction Worker
281,Glad,Lundon,Female,Construction Worker
282,Kimmi,Gun,Female,Construction Expeditor
283,Vivyan,Feek,Female,Construction Manager
284,Vannie,Hammer,Female,Construction Foreman
285,Abe,Rakestraw,Agender,Architect
286,Herc,Baptista,Male,Construction Manager
287,Tudor,Patrono,Agender,Construction Worker
288,Fenelia,Brotherick,Genderqueer,Construction Worker
289,Elwira,Surtees,Female,Construction Expeditor
290,Baillie,Mecchi,Polygender,Architect
291,Wilma,Brugh,Female,Engineer
292,Sigismond,Cheek,Male,Electrician
293,Emanuele,Iverson,Male,Construction Manager
294,Sanderson,Tiffin,Male,Project Manager
295,Ciro,Cockrem,Male,Supervisor
296,Sander,Igonet,Male,Supervisor
297,Randee,Trelease,Female,Surveyor
298,Valli,Mantram,Non-binary,Construction Manager
299,Tomasina,Addekin,Female,Construction Foreman
300,Templeton,Trammel,Male,Subcontractor
301,Jedediah,Kidde,Male,Estimator
302,Halli,Gladbeck,Female,Supervisor
303,Brittan,Gwatkin,Agender,Project Manager
304,Hildegaard,Danaher,Female,Architect
305,Annabelle,Sinkin,Female,Surveyor
306,Holly-anne,Flipek,Female,Project Manager
307,Aldric,Storkes,Male,Construction Worker
308,Gaspar,D'Costa,Male,Architect
309,Debi,Brittain,Female,Project Manager
310,Webb,Moses,Male,Engineer
311,Novelia,Wakeley,Female,Subcontractor
312,Loise,Shewring,Female,Electrician
313,Ugo,Palay,Male,Construction Worker
314,Suzanna,Bavidge,Female,Engineer
315,Colman,Rampling,Male,Project Manager
316,Donielle,Tommasetti,Non-binary,Supervisor
317,Goran,Delany,Male,Supervisor
318,Conney,Schenkel,Male,Subcontractor
319,Mara,Uttridge,Female,Construction Expeditor
320,Bertha,Donaghie,Female,Construction Foreman
321,Fulton,Esland,Male,Construction Worker
322,Jannelle,Rydeard,Female,Electrician
323,Lena,Sowten,Female,Subcontractor
324,Rodney,Vere,Genderfluid,Construction Worker
325,Roxanna,Carwardine,Female,Supervisor
326,Amity,Edworthie,Female,Architect
327,Edmon,Joffe,Male,Construction Manager
328,Jenny,Bidgood,Female,Project Manager
329,Zollie,MacGillivray,Male,Supervisor
330,Charmian,Potten,Female,Construction Expeditor
331,Sonni,Stather,Female,Construction Manager
332,Giuditta,Chislett,Female,Construction Foreman
333,Westbrooke,Iorillo,Genderqueer,Project Manager
334,Sue,O'Leary,Female,Construction Expeditor
335,Mateo,Keele,Male,Subcontractor
336,Buffy,Gerrans,Female,Supervisor
337,Linc,Eagleton,Male,Construction Foreman
338,Brenn,Holliar,Bigender,Construction Expeditor
339,Avrom,Ast,Male,Subcontractor
340,Justinn,Breddy,Genderqueer,Construction Expeditor
341,Caril,De Carteret,Female,Construction Foreman
342,Brett,Willcock,Male,Construction Foreman
343,Ax,Beggio,Genderfluid,Engineer
344,Alie,Gajownik,Female,Estimator
345,Sabra,Legion,Female,Architect
346,Clemens,McCoveney,Male,Electrician
347,Rutherford,Battison,Male,Project Manager
348,Rani,Brittle,Female,Construction Manager
349,Rena,Klessmann,Female,Construction Expeditor
350,Dominica,Gilson,Female,Electrician
351,Bert,Cabble,Male,Estimator
352,Celisse,Tretwell,Female,Construction Worker
353,Hillyer,Lamb-shine,Male,Supervisor
354,Ninette,Iliff,Female,Electrician
355,Ysabel,Epinay,Female,Architect
356,Rochelle,Angel,Female,Architect
357,Dionis,Pudsey,Female,Subcontractor
358,Hayward,Baszkiewicz,Male,Surveyor
359,Martita,Caress,Female,Electrician
360,Lee,Frankom,Male,Project Manager
361,Kienan,Jaxon,Male,Construction Manager
362,Michail,Sketh,Male,Construction Expeditor
363,Carolin,Eddow,Genderqueer,Construction Expeditor
364,Xylina,McGowan,Female,Construction Worker
365,Karine,Blankley,Female,Project Manager
366,Ina,Baskerville,Female,Subcontractor
367,Wylma,Ludlow,Female,Construction Expeditor
368,Sol,Macauley,Non-binary,Engineer
369,Harman,Clarkson,Agender,Construction Manager
370,Padraic,Sotheron,Male,Construction Manager
371,Donella,Cyphus,Female,Electrician
372,Clerc,Lawrenz,Male,Subcontractor
373,Joane,O'Kane,Female,Construction Manager
374,Jolene,Cunniffe,Female,Surveyor
375,Tiphani,Woodard,Female,Subcontractor
376,Esdras,Matteoli,Male,Electrician
377,Drucy,Romushkin,Female,Estimator
378,Timotheus,Rowat,Male,Supervisor
379,Dun,Grahamslaw,Male,Construction Manager
380,Gavin,Rooms,Male,Architect
381,Boycey,Stolle,Male,Construction Manager
382,Milzie,Swannick,Female,Supervisor
383,Shaine,Outibridge,Female,Surveyor
384,Danielle,Cuss,Female,Construction Worker
385,Benton,Runchman,Polygender,Construction Expeditor
386,Claresta,Butner,Female,Construction Expeditor
387,Georgina,Boldry,Female,Architect
388,Auria,Whiteoak,Female,Construction Manager
389,Padget,Fanner,Male,Construction Manager
390,Kalila,Helix,Female,Construction Foreman
391,Dickie,Newarte,Male,Estimator
392,Kirby,Itzhaiek,Female,Construction Worker
393,Corty,Jakov,Male,Construction Expeditor
394,Wash,Blakeman,Male,Surveyor
395,Freddy,Barras,Female,Surveyor
396,Alameda,Barkess,Female,Construction Expeditor
397,Paulina,Billitteri,Female,Surveyor
398,Rosemarie,Pauwel,Genderfluid,Architect
399,Guthry,Leer,Bigender,Subcontractor
400,Perry,Datte,Male,Construction Expeditor
401,Jobyna,Pendrigh,Female,Engineer
402,Thorndike,Gravy,Male,Construction Manager
403,Meta,Paschke,Genderqueer,Construction Manager
404,Izzy,Archbould,Male,Engineer
405,Stacey,Legh,Female,Construction Foreman
406,Jacqui,Kegley,Female,Construction Manager
407,Maressa,Berge,Agender,Project Manager
408,Moishe,Patley,Male,Construction Expeditor
409,Barty,Fairhurst,Male,Construction Worker
410,Urbano,Panniers,Male,Construction Expeditor
411,Mamie,Willmetts,Female,Construction Manager
412,Liam,Niblo,Male,Construction Manager
413,Udell,Ede,Male,Construction Foreman
414,Chandler,Beringer,Male,Construction Worker
415,Carolynn,Pagitt,Female,Project Manager
416,Thurstan,Scading,Male,Project Manager
417,Claretta,Sly,Female,Engineer
418,Kathie,Branchflower,Female,Subcontractor
419,Gasparo,Filppetti,Male,Construction Expeditor
420,Michail,Iwanczyk,Male,Project Manager
421,Briny,Gynne,Female,Project Manager
422,Wadsworth,Howatt,Male,Construction Foreman
423,Michel,O'Scandall,Female,Construction Manager
424,Granville,Stookes,Male,Estimator
425,Normy,Normadell,Male,Construction Expeditor
426,Mickie,Rivlin,Female,Construction Foreman
427,Aleece,Kelinge,Female,Engineer
428,Ollie,Huckleby,Female,Supervisor
429,Glenden,Slyde,Male,Engineer
430,Sheila,Hunnisett,Female,Construction Expeditor
431,Elvis,Stapels,Male,Construction Expeditor
432,Federico,Kitteridge,Male,Architect
433,Erinna,Malletratt,Female,Project Manager
434,Marline,Giblin,Female,Estimator
435,Jillian,Manby,Polygender,Subcontractor
436,Jannel,Whiteoak,Female,Engineer
437,Lesly,Conew,Female,Supervisor
438,Myra,Robe,Female,Estimator
439,Wandie,Trewinnard,Female,Engineer
440,Claudian,Sudran,Male,Construction Manager
441,Daria,Sacker,Female,Construction Manager
442,Zerk,Binch,Male,Construction Manager
443,Neile,Steart,Female,Construction Foreman
444,Ronnie,Marthen,Male,Construction Expeditor
445,Maurizio,Slidders,Male,Construction Worker
446,Jacob,Stoffel,Male,Construction Worker
447,Cleve,Koubu,Male,Engineer
448,Alecia,Dancer,Female,Electrician
449,Ofilia,Rozzier,Genderfluid,Project Manager
450,Ulrikaumeko,Monksfield,Female,Construction Manager
451,Christan,Sixsmith,Female,Project Manager
452,Reinhold,Gratten,Male,Engineer
453,Marietta,Bickerdicke,Non-binary,Construction Foreman
454,Philly,Gabel,Female,Construction Expeditor
455,Elicia,Kellet,Female,Construction Manager
456,Dav,Dogerty,Male,Construction Worker
457,Claudetta,McChesney,Female,Engineer
458,Jillene,Casley,Female,Estimator
459,Charmion,Gullan,Female,Architect
460,Tabina,Sims,Female,Estimator
461,Perl,Gingell,Female,Construction Expeditor
462,Merrick,Pettingill,Male,Engineer
463,Ted,Keeler,Male,Subcontractor
464,Malchy,Lyons,Polygender,Supervisor
465,Sabine,Tutchener,Female,Project Manager
466,Maia,Puttrell,Female,Surveyor
467,Roddy,Fronczak,Male,Construction Foreman
468,Tristam,Giral,Male,Project Manager
469,Amargo,Niblett,Female,Construction Worker
470,Nels,Stanmore,Male,Supervisor
471,Becca,Bartolomeotti,Female,Surveyor
472,Ogdon,Hammerstone,Male,Engineer
473,Alister,Petow,Male,Project Manager
474,Ezequiel,Cowley,Male,Construction Foreman
475,Lisa,Goodings,Female,Electrician
476,Keefe,Messam,Male,Engineer
477,Brianna,Berthomier,Female,Electrician
478,Berthe,Maund,Female,Electrician
479,Datha,Stavers,Non-binary,Construction Expeditor
480,Justinn,Nussii,Polygender,Estimator
481,Torry,Hadeke,Male,Project Manager
482,Nicole,Tollerton,Female,Construction Expeditor
483,Pascal,Milbourn,Male,Construction Worker
484,Robbie,Brookes,Female,Construction Foreman
485,Nydia,Gilbane,Female,Construction Foreman
486,Craig,Heisler,Male,Construction Manager
487,Wald,Alty,Male,Construction Worker
488,Zelda,Djurdjevic,Genderqueer,Construction Manager
489,Tasia,Gisborne,Female,Construction Worker
490,Birgitta,Aleshkov,Genderfluid,Subcontractor
491,Louella,Blaxill,Female,Engineer
492,Skyler,Frandsen,Male,Electrician
493,Sharon,Renon,Female,Electrician
494,Francene,Gorwood,Polygender,Engineer
495,Cleo,Harewood,Female,Construction Worker
496,Earle,Glendenning,Male,Project Manager
497,Dix,Trevon,Female,Construction Foreman
498,Kriste,Championnet,Non-binary,Architect
499,David,Bengle,Male,Construction Worker
500,Ad,Feathersby,Male,Engineer
501,Wilona,Pattie,Female,Supervisor
502,Truman,Kenright,Male,Construction Manager
503,Oona,Bossons,Female,Estimator
504,Ted,Michael,Female,Construction Worker
505,Tallie,Winser,Male,Construction Expeditor
506,Vernon,Linebarger,Male,Surveyor
507,Galven,Jzak,Male,Project Manager
508,Shurlock,Garlee,Male,Architect
509,Thaxter,Coast,Male,Estimator
510,Tyler,Tosney,Male,Subcontractor
511,Winnifred,Maiden,Female,Surveyor
512,Jilli,Gritten,Female,Electrician
513,Rodolphe,Pacitti,Male,Supervisor
514,Ardis,Kinchlea,Genderqueer,Construction Expeditor
515,Fowler,Duckhouse,Male,Project Manager
516,Larissa,Fawlks,Female,Electrician
517,Umeko,Gadsdon,Female,Construction Worker
518,Forster,Chown,Male,Subcontractor
519,Spike,Meader,Male,Construction Expeditor
520,Thorny,Curbishley,Male,Architect
521,Caria,Pratley,Female,Project Manager
522,Claus,Foale,Male,Architect
523,Teodor,Cawdery,Male,Engineer
524,Georges,Raddish,Male,Construction Manager
525,Olivier,Brockway,Male,Construction Worker
526,Wenonah,Wykes,Female,Project Manager
527,Wade,Shrubshall,Agender,Subcontractor
528,Talia,Lundbech,Female,Architect
529,Wilden,Tofts,Male,Architect
530,Inger,Galliver,Male,Estimator
531,Alena,Dupree,Female,Architect
532,Hogan,Lukovic,Male,Construction Foreman
533,Karee,Wyllcocks,Female,Surveyor
534,Clive,Mc Andrew,Male,Construction Worker
535,Lazare,Wyeld,Male,Construction Manager
536,Rockey,Fogden,Male,Estimator
537,Hermie,Dahmel,Male,Supervisor
538,Emmi,Riolfi,Female,Estimator
539,Roderigo,Whoolehan,Male,Construction Worker
540,Stanly,Hinrich,Male,Construction Expeditor
541,Leilah,Lumly,Genderqueer,Subcontractor
542,Karine,Brunsen,Female,Construction Manager
543,Dion,Verdy,Male,Subcontractor
544,Rutter,Darthe,Male,Estimator
545,Hannie,Mosco,Female,Subcontractor
546,Prinz,Dorin,Male,Subcontractor
547,Archaimbaud,Greenham,Male,Subcontractor
548,Mabel,Rugge,Female,Supervisor
549,Matt,Haistwell,Male,Construction Expeditor
550,Pepito,Langwade,Male,Supervisor
551,Arin,Storm,Male,Subcontractor
552,Darda,La Vigne,Female,Surveyor
553,Chrisy,Berkelay,Male,Architect
554,Waylon,Flint,Male,Surveyor
555,Toiboid,Sayes,Male,Surveyor
556,Tami,Sieghard,Genderfluid,Construction Expeditor
557,Carleen,Beynke,Female,Construction Expeditor
558,Dionis,Doy,Agender,Engineer
559,Peta,Baddeley,Female,Subcontractor
560,Tammy,Teas,Male,Electrician
561,Adrian,Matteini,Male,Engineer
562,Eric,Dunston,Male,Construction Worker
563,Sarene,Edgcombe,Female,Architect
564,Willyt,Antonoyev,Female,Engineer
565,Birk,Caveill,Male,Electrician
566,Greggory,McLaughlin,Male,Construction Foreman
567,Jecho,Brecon,Male,Construction Manager
568,Shadow,Gregorace,Male,Supervisor
569,Hilton,O'Hoolahan,Male,Architect
570,Paten,Rennenbach,Male,Construction Manager
571,Fallon,Dougan,Female,Construction Worker
572,Mickie,Whittlesea,Female,Construction Worker
573,Linnie,Scullin,Female,Electrician
574,Angil,Gower,Female,Subcontractor
575,Breanne,Strudwick,Female,Subcontractor
576,Maye,Van den Dael,Genderqueer,Electrician
577,Chan,Manoch,Male,Surveyor
578,Ced,Ham,Male,Construction Worker
579,Albina,Richford,Female,Architect
580,Amy,Januszkiewicz,Female,Construction Manager
581,Rockwell,Foale,Male,Engineer
582,Valentine,Emanuelov,Female,Project Manager
583,Trever,Korpal,Male,Electrician
584,Wernher,MacNess,Male,Engineer
585,Mario,Melland,Male,Construction Foreman
586,Irene,Humber,Female,Surveyor
587,Jase,Roughan,Male,Construction Worker
588,Silvano,De la Yglesias,Male,Construction Worker
589,Franz,Haresnape,Male,Construction Manager
590,Denys,Lghan,Male,Estimator
591,Charlena,Philimore,Female,Construction Worker
592,Patricio,Flisher,Polygender,Subcontractor
593,Alessandra,Galbraeth,Female,Engineer
594,Davine,Clohisey,Female,Construction Worker
595,Tadeo,Mulderrig,Male,Electrician
596,Georgie,Fedynski,Male,Supervisor
597,Leigh,Isitt,Agender,Construction Expeditor
598,Hillie,Tulip,Male,Subcontractor
599,Farlee,Clarkson,Male,Electrician
600,Cathyleen,Beamson,Female,Electrician
601,Farrah,Loxston,Female,Subcontractor
602,Regine,Chichgar,Genderfluid,Estimator
603,Mohandas,Spikins,Male,Engineer
604,Burk,Brumbie,Male,Subcontractor
605,Alina,Forlong,Female,Project Manager
606,Georgina,Rockwill,Female,Engineer
607,Margie,Minnette,Female,Project Manager
608,Malinde,Treend,Agender,Architect
609,Torey,Vicioso,Female,Construction Worker
610,Berkley,Matthius,Male,Supervisor
611,Guillaume,Stowe,Genderfluid,Construction Manager
612,Wilfred,Sommerton,Male,Project Manager
613,Marlon,Lannin,Male,Supervisor
614,Sheffield,Cluff,Male,Architect
615,Lanie,Hurton,Female,Project Manager
616,Nicol,Hebner,Female,Construction Worker
617,Kathe,Oris,Female,Construction Expeditor
618,Shaughn,McFarlan,Male,Construction Worker
619,Nolly,Hardwick,Non-binary,Engineer
620,Milli,Jay,Female,Estimator
621,Hatti,Suthren,Female,Supervisor
622,Hollyanne,Simcoe,Agender,Surveyor
623,Milty,Cubin,Male,Project Manager
624,Roobbie,Le Monnier,Female,Construction Worker
625,Jenn,Ech,Female,Project Manager
626,Stephi,Klejna,Female,Surveyor
627,Mahmoud,Brownbill,Male,Construction Worker
628,Lucky,Eble,Female,Subcontractor
629,Bjorn,Lilloe,Male,Electrician
630,Godfrey,Castellan,Male,Engineer
631,Celeste,Ruegg,Female,Electrician
632,Moyra,Coomer,Female,Construction Worker
633,Timmy,O'Hear,Male,Construction Foreman
634,Estrellita,Dandy,Female,Estimator
635,Baxie,Noweak,Male,Supervisor
636,Boy,Claeskens,Male,Electrician
637,Tymothy,Ferrier,Male,Architect
638,Holly,Prettyman,Male,Construction Expeditor
639,Fenelia,Rubenchik,Female,Construction Manager
640,Zachariah,Wherrett,Male,Engineer
641,Jewelle,Deere,Female,Supervisor
642,Baxie,Moggan,Male,Subcontractor
643,Cody,Fibben,Female,Supervisor
644,Cobby,Rockey,Male,Electrician
645,Isador,Sarton,Male,Construction Expeditor
646,Durant,Kiddey,Male,Supervisor
647,Carole,Castagneri,Female,Supervisor
648,August,Sprackling,Male,Construction Manager
649,Prince,Archibould,Male,Subcontractor
650,Silvana,Steventon,Female,Construction Manager
651,Giusto,Neles,Male,Construction Manager
652,Devy,Panton,Male,Subcontractor
653,Wendall,Balfre,Male,Electrician
654,Del,Wattins,Male,Estimator
655,Gene,Wingatt,Female,Estimator
656,Carlo,Kenion,Male,Project Manager
657,Flem,Mendoza,Male,Electrician
658,Diane-marie,Rolles,Female,Subcontractor
659,Celina,McCuffie,Female,Construction Manager
660,Corine,Buck,Genderfluid,Construction Foreman
661,Tabby,Grassett,Female,Surveyor
662,Maridel,Karpol,Female,Subcontractor
663,Dexter,Shephard,Male,Subcontractor
664,Tracie,Bealing,Male,Electrician
665,Ram,Dovington,Male,Construction Manager
666,Manya,Daintrey,Female,Project Manager
667,Koralle,Mulvany,Female,Construction Foreman
668,Upton,Flaherty,Male,Engineer
669,Malina,Ingamells,Female,Supervisor
670,Bjorn,MacArthur,Male,Construction Worker
671,Cara,Patzelt,Female,Construction Expeditor
672,Wilburt,Piddletown,Polygender,Engineer
673,Gianna,Losty,Female,Architect
674,Tobie,Lamartine,Male,Supervisor
675,Pace,Foro,Male,Subcontractor
676,Cordula,Wand,Female,Electrician
677,Boycey,Bride,Male,Construction Foreman
678,Geri,Clemett,Male,Construction Manager
679,Carlynne,Broszkiewicz,Genderqueer,Electrician
680,Padraig,Apedaile,Male,Estimator
681,Amabel,Dutch,Female,Estimator
682,Elana,Douglas,Female,Supervisor
683,Muire,Olver,Female,Construction Foreman
684,Stoddard,Wingeatt,Female,Architect
685,Shurlocke,Badder,Male,Project Manager
686,Mozes,Suttaby,Male,Electrician
687,Beck,Marrison,Male,Surveyor
688,Zachary,Dommerque,Male,Construction Foreman
689,Gratia,Cannop,Female,Project Manager
690,Lannie,Sawdy,Male,Construction Manager
691,Henryetta,Quare,Female,Engineer
692,Sheelagh,Blackham,Female,Construction Manager
693,Dora,Wolfe,Female,Architect
694,Trip,Babar,Male,Construction Expeditor
695,Cordie,Tuddenham,Male,Construction Worker
696,Kandace,Keeler,Female,Engineer
697,Edgardo,Kondrachenko,Male,Electrician
698,Gerianne,Simms,Female,Subcontractor
699,Frank,Benion,Female,Supervisor
700,Biron,Dowyer,Bigender,Construction Manager
701,Peg,Pardy,Female,Architect
702,Tine,Siebert,Female,Engineer
703,Patten,Barton,Male,Supervisor
704,Kamilah,Guilbert,Female,Electrician
705,Henrik,Perroni,Male,Electrician
706,Conway,Tace,Male,Construction Foreman
707,Frannie,Partridge,Female,Construction Foreman
708,Daria,Crickett,Female,Construction Worker
709,Robbyn,Comins,Female,Engineer
710,Efren,Willey,Male,Architect
711,Ode,Hargey,Male,Electrician
712,Michal,Vardie,Polygender,Supervisor
713,Humfrey,Schumacher,Male,Construction Foreman
714,Clemente,Seward,Male,Architect
715,Aurea,Szantho,Non-binary,Construction Expeditor
716,West,Bullar,Male,Supervisor
717,Bryanty,Chaffin,Non-binary,Electrician
718,Ludvig,Mccaull,Male,Supervisor
719,Sybyl,Holhouse,Female,Construction Manager
720,Jammal,Ruffy,Male,Electrician
721,Harlin,Struttman,Male,Engineer
722,Clareta,Assiratti,Female,Engineer
723,Melodee,Ghiriardelli,Female,Construction Manager
724,Mariel,Stallebrass,Female,Supervisor
725,Ric,Kinavan,Male,Construction Foreman
726,Woody,Horney,Male,Construction Foreman
727,Elane,Ashling,Female,Surveyor
728,Hyacinthia,Leppington,Female,Supervisor
729,Andrej,Pydcock,Male,Construction Expeditor
730,Donetta,Ingle,Agender,Project Manager
731,Jory,Trowler,Male,Architect
732,Aeriela,Cristofano,Female,Engineer
733,Rana,Samet,Genderfluid,Estimator
734,Jazmin,Snar,Female,Estimator
735,Genevieve,Alston,Female,Construction Worker
736,Katherina,Giroldo,Female,Architect
737,Kinna,Crosi,Female,Project Manager
738,Tomi,MacVagh,Female,Surveyor
739,Leonerd,Northall,Male,Construction Manager
740,Sanford,Haworth,Male,Construction Manager
741,Haskel,Alldritt,Male,Supervisor
742,Dreddy,Zupa,Female,Construction Manager
743,Tremayne,Cristofano,Male,Construction Foreman
744,Claudine,Arlt,Female,Construction Manager
745,Neda,Limerick,Agender,Engineer
746,Tedd,Pitkins,Male,Architect
747,Gill,Katzmann,Male,Electrician
748,Den,Schechter,Male,Subcontractor
749,Worth,Barendtsen,Male,Surveyor
750,Ann,Aspden,Non-binary,Estimator
751,Evangelin,Sole,Female,Project Manager
752,Shirley,Shingler,Non-binary,Estimator
753,Sibella,Cromie,Female,Construction Manager
754,Lonni,Fallows,Female,Engineer
755,Abagael,Tindall,Female,Construction Foreman
756,Clerkclaude,Livsey,Male,Architect
757,Karalynn,Daburn,Female,Architect
758,Janis,McGibbon,Female,Engineer
759,Flin,McConway,Male,Construction Foreman
760,Caron,Crut,Female,Estimator
761,Aubrey,Casperri,Female,Architect
762,Sylvester,Rendall,Polygender,Estimator
763,Kathy,Kieran,Female,Architect
764,Robyn,Samples,Female,Architect
765,Heindrick,Hallbord,Male,Construction Foreman
766,Derby,Wanderschek,Male,Construction Foreman
767,Ruthi,Vondrys,Female,Construction Manager
768,Jeanie,Mauchlen,Female,Electrician
769,Lonee,Pactat,Female,Subcontractor
770,Bert,Baker,Male,Supervisor
771,Nani,Gowanson,Female,Construction Expeditor
772,Tobye,Osbaldstone,Female,Construction Expeditor
773,Travus,Hammerstone,Male,Project Manager
774,Claudie,Lazer,Agender,Construction Expeditor
775,Lebbie,Haukey,Female,Construction Manager
776,Dannie,Dutnell,Male,Electrician
777,Demetri,Boxall,Male,Subcontractor
778,Taylor,Gold,Male,Surveyor
779,Carolee,Brunsden,Non-binary,Construction Worker
780,Laure,Raphael,Female,Project Manager
781,Karmen,Origan,Female,Engineer
782,Cammi,Thombleson,Female,Surveyor
783,Dorolisa,Ludwikiewicz,Female,Project Manager
784,Gunther,Muxworthy,Polygender,Estimator
785,Garth,Klement,Male,Construction Expeditor
786,Cleve,Whissell,Genderqueer,Engineer
787,Ches,Kubasiewicz,Male,Construction Manager
788,Leila,Dun,Female,Surveyor
789,Daryl,Gollard,Male,Construction Worker
790,Margaret,Foxton,Female,Supervisor
791,Jed,Stango,Male,Surveyor
792,Flor,Huffa,Female,Surveyor
793,Ulysses,Vuitton,Male,Architect
794,Joly,Call,Female,Construction Expeditor
795,Marve,Treverton,Male,Construction Expeditor
796,Corbie,MacCorkell,Male,Construction Worker
797,Charmaine,Connealy,Female,Construction Expeditor
798,Tom,Epsley,Male,Construction Expeditor
799,Jessalin,Wardroper,Female,Engineer
800,Lisle,Danzig,Male,Project Manager
801,Hugues,Prendergast,Male,Electrician
802,Ruperto,Feek,Male,Construction Expeditor
803,Inga,McIlveen,Female,Surveyor
804,Judon,Janaud,Male,Construction Foreman
805,Tan,Ralph,Male,Architect
806,Teddy,Probbin,Female,Supervisor
807,Hayes,Taaffe,Male,Construction Worker
808,Waylen,Kaaskooper,Male,Construction Worker
809,Herschel,Dressell,Male,Surveyor
810,Roi,Kiddey,Agender,Supervisor
811,Asia,Monshall,Female,Engineer
812,Wittie,Foxhall,Bigender,Construction Worker
813,Les,Mapam,Male,Construction Worker
814,Blaire,Ottee,Female,Surveyor
815,Meir,Dyer,Male,Subcontractor
816,Savina,Lemoir,Female,Surveyor
817,Alix,Standeven,Male,Supervisor
818,Marley,Rollings,Female,Construction Worker
819,Becky,Sindle,Female,Electrician
820,Isaiah,Braunthal,Male,Supervisor
821,Carmen,Larrington,Female,Estimator
822,Morna,Sharpe,Female,Construction Manager
823,Adorne,Ferne,Genderqueer,Engineer
824,Jacki,Waight,Female,Construction Expeditor
825,Augy,Odom,Male,Construction Manager
826,Sherm,Dagg,Genderfluid,Construction Foreman
827,Midge,Lomen,Female,Supervisor
828,Hallsy,Gager,Genderqueer,Construction Expeditor
829,Marielle,Bandy,Non-binary,Surveyor
830,Minetta,Stillmann,Female,Estimator
831,Arnoldo,Scone,Male,Construction Worker
832,Dexter,Pruvost,Male,Supervisor
833,Alf,Playdon,Male,Project Manager
834,Myles,Ainscow,Male,Construction Worker
835,Preston,Kerkham,Male,Construction Manager
836,Alphonso,Kneath,Male,Engineer
837,Nora,Hubbuck,Female,Construction Expeditor
838,Millie,Swainsbury,Female,Surveyor
839,Salvador,Brimham,Male,Subcontractor
840,Rory,McKennan,Female,Project Manager
841,Madelon,Aldersley,Female,Construction Worker
842,Aviva,Toombs,Non-binary,Construction Worker
843,Kial,Wolstenholme,Female,Supervisor
844,Godfry,Lownds,Male,Construction Manager
845,Dorothee,Grayland,Female,Electrician
846,Dexter,Eisig,Male,Engineer
847,Ysabel,Oxbe,Female,Electrician
848,Sandie,Sloey,Female,Construction Foreman
849,Baron,Face,Male,Surveyor
850,Edgar,Barends,Male,Subcontractor
851,Wyn,Fucher,Male,Supervisor
852,Rickey,Myrtle,Male,Supervisor
853,Leila,Milella,Female,Project Manager
854,Caria,Sheron,Bigender,Electrician
855,Maxi,Housaman,Female,Surveyor
856,Kenon,MacBey,Male,Supervisor
857,Calli,Breddy,Non-binary,Construction Expeditor
858,Prinz,Johnsson,Male,Architect
859,Martin,Haucke,Male,Supervisor
860,Jena,Gaul,Female,Construction Foreman
861,Nonna,Goodrick,Female,Electrician
862,Kermit,Brahams,Male,Architect
863,Tiebold,Cassidy,Male,Supervisor
864,Joyce,Pattini,Female,Supervisor
865,Dougie,Doll,Male,Estimator
866,Nicky,Ronchka,Male,Construction Manager
867,Borg,Thombleson,Male,Supervisor
868,Al,Haliday,Bigender,Engineer
869,Tedda,Chezier,Female,Construction Foreman
870,Sullivan,Hughes,Male,Architect
871,Esdras,Ridoutt,Male,Construction Worker
872,Danya,Jellicorse,Female,Engineer
873,Jarrad,L'Homme,Genderqueer,Construction Worker
874,Amargo,Rosander,Female,Engineer
875,Gerard,Vedyaev,Male,Engineer
876,Broderic,Marieton,Male,Architect
877,Vin,Lanceter,Male,Construction Expeditor
878,Demetrius,Eagle,Male,Subcontractor
879,Leora,Mannion,Female,Electrician
880,Marlee,Tumpane,Female,Construction Expeditor
881,Lindon,Kirimaa,Male,Subcontractor
882,Sharla,Bidmead,Female,Estimator
883,Guinevere,Meere,Female,Project Manager
884,Sandie,Yeo,Female,Architect
885,Laney,Eakens,Female,Surveyor
886,Jayme,Droghan,Male,Architect
887,Bekki,Barabisch,Female,Subcontractor
888,Chicky,Alsopp,Female,Construction Manager
889,Nichole,Tilney,Male,Estimator
890,Ginnifer,Josupeit,Female,Engineer
891,Helga,Widmoor,Female,Subcontractor
892,Jane,Bernasek,Female,Supervisor
893,Sherwood,Stych,Male,Construction Manager
894,Nicolle,Arnopp,Female,Construction Worker
895,Shanie,Burgane,Female,Construction Expeditor
896,Milissent,Di Giacomettino,Female,Project Manager
897,Amelita,Khomin,Genderqueer,Surveyor
898,Gianina,Sennett,Female,Construction Expeditor
899,Haley,Cosgrive,Female,Construction Manager
900,Pat,Banes,Male,Electrician
901,Avigdor,Larmet,Male,Construction Expeditor
902,Kippy,Andrini,Female,Construction Manager
903,Freeman,Giraudou,Male,Construction Foreman
904,Rutledge,Petris,Polygender,Project Manager
905,Jeane,Vooght,Female,Architect
906,Claudio,Hardie,Male,Architect
907,Kiley,Czaja,Genderfluid,Electrician
908,Austin,Canto,Male,Engineer
909,Garrick,Totterdill,Male,Electrician
910,Faber,Johnston,Male,Construction Expeditor
911,Ingaborg,Earie,Bigender,Subcontractor
912,Tybalt,Brew,Male,Electrician
913,Angelo,M'Quhan,Male,Construction Foreman
914,Mose,Lawry,Male,Architect
915,Kandace,Bissill,Female,Construction Expeditor
916,Lester,Fowlds,Genderqueer,Architect
917,Mamie,Dreye,Female,Construction Worker
918,Renado,Ridding,Male,Construction Expeditor
919,Julienne,Klimentyonok,Female,Construction Worker
920,Lee,Cavozzi,Female,Construction Manager
921,Kalle,Torbet,Male,Engineer
922,Jyoti,Lauthian,Female,Engineer
923,Curran,Hedgeman,Male,Surveyor
924,Mendy,Hercock,Male,Construction Expeditor
925,Elton,Verma,Male,Construction Manager
926,Skye,Summerhayes,Male,Project Manager
927,Forester,Pothbury,Male,Subcontractor
928,Erminie,Kilkenny,Female,Surveyor
929,Kathryn,Fain,Female,Subcontractor
930,Karyl,Ovendale,Genderfluid,Construction Expeditor
931,Colas,Stabbins,Male,Construction Foreman
932,Jay,Stratz,Male,Construction Manager
933,Gerome,Lanktree,Male,Construction Worker
934,Kendal,Villa,Male,Project Manager
935,Anthiathia,Guilbert,Bigender,Architect
936,Shell,Estrella,Female,Subcontractor
937,Carol,Hawgood,Female,Subcontractor
938,Athene,Van der Merwe,Female,Electrician
939,Garrot,Hungerford,Bigender,Engineer
940,Torie,List,Female,Construction Worker
941,Karney,Mistry,Male,Supervisor
942,August,Curr,Male,Construction Foreman
943,Denys,Bellhanger,Non-binary,Surveyor
944,Ilyse,Dymidowicz,Female,Supervisor
945,Ransell,Huske,Non-binary,Electrician
946,Valentia,Hackley,Female,Surveyor
947,Johnathon,Courson,Male,Construction Expeditor
948,Bree,Allnatt,Female,Construction Expeditor
949,Ward,Cumbes,Male,Project Manager
950,Bentlee,Guppy,Male,Construction Worker
951,Joe,Tinwell,Male,Subcontractor
952,Caye,Pady,Female,Construction Foreman
953,Joycelin,Brind,Female,Project Manager
954,Cristi,Caruth,Female,Project Manager
955,Valene,McInnes,Polygender,Architect
956,Lucila,Ashbrook,Female,Surveyor
957,Laural,Hovy,Female,Construction Foreman
958,Nola,Simeone,Female,Architect
959,Bevan,Redgrove,Male,Construction Manager
960,Gregory,McKevany,Male,Construction Manager
961,Augustine,Coules,Female,Architect
962,Teodorico,Glanville,Male,Construction Worker
963,Manfred,Bavridge,Male,Subcontractor
964,Aggi,Koppe,Female,Supervisor
965,Marlo,Conibeer,Female,Construction Expeditor
966,Noe,Ambrosi,Male,Supervisor
967,Petey,Redsell,Male,Architect
968,Woodrow,McGrah,Male,Supervisor
969,Missy,McReynolds,Female,Architect
970,Merrick,Jenman,Male,Estimator
971,Saunderson,Labrow,Male,Supervisor
972,Rodolphe,Birtwhistle,Male,Construction Worker
973,Kelcy,Newe,Female,Construction Expeditor
974,Beverly,Please,Female,Construction Manager
975,Adara,Harry,Female,Construction Worker
976,Wallie,McPeake,Female,Construction Expeditor
977,Alexander,Cale,Male,Surveyor
978,Adolph,Ciobotaru,Male,Architect
979,Carney,Rooksby,Genderqueer,Construction Expeditor
980,Rebekah,Aish,Female,Supervisor
981,Denny,Dingle,Male,Electrician
982,Oliviero,Skowcraft,Male,Construction Manager
983,Ivy,Tavinor,Female,Surveyor
984,Lenora,Hele,Female,Construction Expeditor
985,Rhianna,Aldersley,Female,Electrician
986,Stillmann,Adan,Male,Subcontractor
987,Darby,Pynner,Male,Construction Worker
988,Morey,Farrants,Male,Surveyor
989,Tannie,Geroldo,Male,Construction Expeditor
990,Eward,Valerio,Male,Construction Expeditor
991,Daniella,Cropper,Female,Surveyor
992,Godfree,Pride,Male,Surveyor
993,Hastie,Luckwell,Polygender,Construction Foreman
994,Mellisa,Loughhead,Female,Construction Expeditor
995,Engelbert,Cruces,Male,Construction Expeditor
996,Calhoun,McGebenay,Male,Construction Manager
997,Cecily,Gillow,Female,Estimator
998,Elspeth,Witherop,Female,Construction Worker
999,Anatollo,Berceros,Male,Engineer
1000,Lindsay,Child,Male,Construction Manager
